Metric,Value
R-squared,0.885810442983338
MAE,40.58457997698504
RMSE,59.92976326284863
