Metric,Value
R-squared,0.8712459424613738
MAE,34.49252013808976
RMSE,51.83151868423232
