Metric,Value
R-squared,0.906555475083338
MAE,10.041426927502878
RMSE,16.477134835342227
